Variant_Name_INALI	Group_INALI	Family_INALI	Current_Autodenomination	InaliCode	AutoEntries_Count
Kickapoo	Kickapoo	álgica	NULL	NULL	1
chontal de Oaxaca alto	chontal de Oaxaca	chontal de Oaxaca	NULL	NULL	1
chontal de Oaxaca bajo	chontal de Oaxaca	chontal de Oaxaca	NULL	NULL	1
chontal de Oaxaca de la costa	chontal de Oaxaca	chontal de Oaxaca	NULL	NULL	1
cucapá	cucapá	cochimí-yumana	ku’ahl BAJA CALIFORNIA: Ensenada: Comunidad Indígena de Santa Catarina, El Aguajito (Mat Chip) [Rancho Matchip],	NULL	1
kiliwa	kiliwa	cochimí-yumana	ko’lew BAJA CALIFORNIA: Ensenada: Arroyo de León (Ejido Kiliwas), Ejido San Francisco R. Serrano (Valle San Matías),	NULL	1
test-p0-variant-a	ku'ahl	cochimí-yumana	NULL	NULL	0
test-p0-variant-b	ku'ahl	cochimí-yumana	NULL	NULL	0
kumiai	kumiai	cochimí-yumana	tipai BAJA CALIFORNIA: Ensenada: El Porvenir (Guadalupe), Ensenada, Francisco Zarco (Guadalupe), La Huerta, La	NULL	1
paipai	paipai	cochimí-yumana	jaspuy pai BAJA CALIFORNIA: Ensenada: Arroyo de León (Ejido Kiliwas), Camalu, Cañón de la Parra, Comunidad Indígena de	NULL	1
huave del este	huave	huave	NULL	NULL	1
huave del oeste	huave	huave	ombeayiüts OAXACA: Juchitán de Zaragoza: Álvaro Obregón, Colonia David López Nelio, Chicapa de Castro, Emiliano Zapata,	NULL	1
Akateko	Akateko	maya	Kuti’ CAMPECHE: Champotón: Maya Tecún I, Santo Domingo Kesté.	NULL	1
Awakateko	Awakateko	maya	Qyool (de Aguacatán) CAMPECHE: Champotón: Maya Tecún I, Maya Tecún II, Santo Domingo Kesté.	NULL	1
ch’ol del noroeste	ch'ol	maya	jach-t’aan CHIAPAS: Ocosingo: Bethel, Bonampak, Lacanjá Chansayab, Maeva, Nahá, Ojo de Agua [Ojo de Agua Chankín],	NULL	1
ch’ol del sureste	ch'ol	maya	NULL	NULL	1
chontal de Tabasco central	chontal de Tabasco	maya	yoko t’an (central) TABASCO: Jalpa de Méndez: Amatitán, Ayapa, Chacalapa 1ra. Sección, El Carmen (La Ensenada), El Novillero, El	NULL	1
chontal de Tabasco del este	chontal de Tabasco	maya	NULL	NULL	1
chontal de Tabasco del norte	chontal de Tabasco	maya	NULL	NULL	1
chontal de Tabasco del sureste	chontal de Tabasco	maya	NULL	NULL	1
Chuj	Chuj	maya	mocho’ CHIAPAS: Motozintla: Motozintla de Mendoza.	NULL	1
huasteco de oriente	huasteco	maya	NULL	NULL	2
huasteco del centro	huasteco	maya	NULL	NULL	2
huasteco del occidente	huasteco	maya	teenek (del occidente) SAN LUIS POTOSÍ: Aquismón:Agua Amarga, Agua Bendita, Agua Nueva, Alborada Primera, Altenam (La Banqueta),	NULL	2
Ixil chajuleño	Ixil	maya	Qyool (de Aguacatán) CAMPECHE: Champotón: Maya Tecún I, Maya Tecún II, Santo Domingo Kesté.	NULL	1
Ixil nebajeño	Ixil	maya	Qyool (de Aguacatán) CAMPECHE: Champotón: Maya Tecún I, Maya Tecún II, Santo Domingo Kesté.	NULL	1
Jakalteko	Jakalteko	maya	Kuti’ CAMPECHE: Champotón: Maya Tecún I, Santo Domingo Kesté.	NULL	1
K’iche’ (central)	K’iche’	maya	K’iche’ (oriental) CAMPECHE: Campeche: La Libertad. Champotón: Maya Tecún II, Santo Domingo Kesté.	NULL	1
K’iche’ (occidental)	K’iche’	maya	K’iche’ (oriental) CAMPECHE: Campeche: La Libertad. Champotón: Maya Tecún II, Santo Domingo Kesté.	NULL	1
K’iche’ (oriental)	K’iche’	maya	Q’eqchi’ CAMPECHE: Campeche: La Libertad, Los Laureles, Quetzal-Edzná. Champotón: Maya Tecún II, Santo Domingo	NULL	1
Kaqchikel	Kaqchikel	maya	Kaqchikel CAMPECHE: Campeche: Quetzal-Edzná I, Quetzal-Edzná II, Los Laureles. Champotón: Maya Tecún II, Santo	NULL	1
lacandón	lacandón	maya	jach-t’aan CHIAPAS: Ocosingo: Bethel, Bonampak, Lacanjá Chansayab, Maeva, Nahá, Ojo de Agua [Ojo de Agua Chankín],	NULL	1
Mam de la frontera	Mam	maya	Qyool (de la frontera) CHIAPAS: Amatenango de la Frontera: Amatenango de la Frontera, Bienestar Social, Buenavista, Cinco de Mayo,	NULL	1
Mam de la Sierra	Mam	maya	NULL	NULL	1
Mam del norte	Mam	maya	NULL	NULL	1
Mam del Soconusco	Mam	maya	NULL	NULL	2
Mam del sur	Mam	maya	NULL	NULL	1
maya	maya	maya	NULL	NULL	3
Q’anjob’al	Q’anjob’al	maya	K’anjob’al CAMPECHE: Campeche: La Libertad, Los Laureles, Quetzal-Edzná Módulo Dos, Quetzal-Edzná Módulo Uno.	NULL	1
Q’eqchi’	Q’eqchi’	maya	Q’eqchi’ CAMPECHE: Campeche: La Libertad, Los Laureles, Quetzal-Edzná. Champotón: Maya Tecún II, Santo Domingo	NULL	1
mocho’	qato'k	maya	mocho’ CHIAPAS: Motozintla: Motozintla de Mendoza.	NULL	1
tuzanteco	qato'k	maya	mocho’ CHIAPAS: Motozintla: Motozintla de Mendoza.	NULL	1
Teko	Teko	maya	Kaqchikel CAMPECHE: Campeche: Quetzal-Edzná I, Quetzal-Edzná II, Los Laureles. Champotón: Maya Tecún II, Santo	NULL	2
tojolabal	tojolabal	maya	tojol-ab’al CHIAPAS: Altamirano: 1 de Enero, 1 de Mayo, 10 de Abril, Agua Escondida, Altamirano, Anexo Santa Rita, Barrio	NULL	1
tseltal del norte	tseltal	maya	NULL	NULL	1
tseltal del occidente	tseltal	maya	bats’il k’op (del occidente) CHIAPAS: Acala: Acala, Carlos Salinas de Gortari, Javier López Moreno (Las Palomas), José María Morelos y Pavón,	NULL	1
tseltal del oriente	tseltal	maya	NULL	NULL	1
tseltal del sur	tseltal	maya	NULL	NULL	1
tsotsil de los Altos	tsotsil	maya	NULL	NULL	1
tsotsil del centro	tsotsil	maya	NULL	NULL	1
tsotsil del este alto	tsotsil	maya	bats’i k’op (del este alto) CHIAPAS: Huixtán: Adolfo López Mateos, Alaj Cham, Bazom, Buenavista, Calvario, Carmen Yalchuch, Chaquiloc,	NULL	1
tsotsil del este bajo	tsotsil	maya	NULL	NULL	1
tsotsil del noroeste	tsotsil	maya	NULL	NULL	1
tsotsil del norte alto	tsotsil	maya	NULL	NULL	1
tsotsil del norte bajo	tsotsil	maya	NULL	NULL	1
ayapaneco	ayapaneco	mixe-zoque	wää ‘oot VERACRUZ DE IGNACIO DE LA LLAVE: Texistepec: Chinameca, El Tesoro, Finca San Ramón, Francisco I. Madero,	NULL	1
mixe alto del centro	mixe	mixe-zoque	NULL	NULL	1
mixe alto del norte	mixe	mixe-zoque	ayöök OAXACA: Santa María Tlahuitoltepec: Santa María Yacochi. Santo Domingo Roayaga: Santo Domingo Roayaga,	NULL	1
mixe alto del sur	mixe	mixe-zoque	NULL	NULL	1
mixe bajo	mixe	mixe-zoque	NULL	NULL	1
mixe medio del este	mixe	mixe-zoque	NULL	NULL	1
mixe medio del oeste	mixe	mixe-zoque	NULL	NULL	1
oluteco	oluteco	mixe-zoque	yaakaw+ VERACRUZ DE IGNACIO DE LA LLAVE: Oluta: Correa de Abajo, El Chorro, El Mirador, El Ángel Gabriel, Los Laureles,	NULL	1
popoluca de la Sierra	popoluca de la sierra	mixe-zoque	nuntaj+yi’ VERACRUZ DE IGNACIO DE LA LLAVE: Hueyapan de Ocampo: Alto Lucero, Barrosa, Cerro de Castro, Cinco de	NULL	2
sayulteco	sayulteco	mixe-zoque	t+kmaya’ VERACRUZ DE IGNACIO DE LA LLAVE: Sayula de Alemán: Abelardo Castillo (El Tornillo), Adolfo López Mateos,	NULL	2
texistepequeño	texistepequeño	mixe-zoque	yaakaw+ VERACRUZ DE IGNACIO DE LA LLAVE: Oluta: Correa de Abajo, El Chorro, El Mirador, El Ángel Gabriel, Los Laureles,	NULL	1
zoque del centro	zoque	mixe-zoque	tsuni (del centro) CHIAPAS: Copainalá: Adolfo López Mateos, Agua Escondida (Agua Zarca), Agustín de Iturbide, Ametzipac, Ángel	NULL	1
zoque del este	zoque	mixe-zoque	NULL	NULL	1
zoque del noroeste	zoque	mixe-zoque	NULL	NULL	1
zoque del norte alto	zoque	mixe-zoque	NULL	NULL	1
zoque del norte bajo	zoque	mixe-zoque	NULL	NULL	1
zoque del oeste	zoque	mixe-zoque	NULL	NULL	2
zoque del sur	zoque	mixe-zoque	NULL	NULL	1
zoque del sureste	zoque	mixe-zoque	NULL	NULL	1
amuzgo alto del este	amuzgo	oto-mangue	NULL	NULL	3
amuzgo bajo del este	amuzgo	oto-mangue	NULL	NULL	2
amuzgo del norte	amuzgo	oto-mangue	nomndaa GUERRERO: Tlacoachistlahuaca: Arroyo Comejen, Arroyo Escondido, Arroyo Lana, Arroyo Mina, Arroyo Pájaro	NULL	3
amuzgo del sur	amuzgo	oto-mangue	NULL	NULL	1
chatino central	chatino	oto-mangue	NULL	NULL	1
chatino de Zacatepec	chatino	oto-mangue	NULL	NULL	1
chatino occidental alto	chatino	oto-mangue	cha’ jna’a (occidental alto) OAXACA: San Jacinto Tlacotepec: Cuajinicuil, El Trapiche (Río Trapiche), El Venado, La Unión, Los Pinos (Barrio los	NULL	1
chatino occidental bajo	chatino	oto-mangue	NULL	NULL	1
chatino oriental alto	chatino	oto-mangue	NULL	NULL	1
chatino oriental bajo	chatino	oto-mangue	NULL	NULL	1
chichimeco jonaz	chichimeco jonaz	oto-mangue	uzá’ GUANAJUATO: San Luis de la Paz: Berlín, Buenavista (El Cuernito), Cerro Blanco, Colonia Benito Juárez [Plan Benito	NULL	1
chianateco del oeste central bajo	chinanteco	oto-mangue	NULL	NULL	3
chinanteco central	chinanteco	oto-mangue	NULL	NULL	2
chinanteco central bajo	chinanteco	oto-mangue	NULL	NULL	3
chinanteco de la Sierra	chinanteco	oto-mangue	NULL	NULL	1
chinanteco del noroeste	chinanteco	oto-mangue	NULL	NULL	1
chinanteco del norte	chinanteco	oto-mangue	NULL	NULL	3
chinanteco del oeste	chinanteco	oto-mangue	NULL	NULL	1
chinanteco del oeste central alto	chinanteco	oto-mangue	NULL	NULL	2
chinanteco del sureste alto	chinanteco	oto-mangue	NULL	NULL	1
chinanteco del sureste bajo	chinanteco	oto-mangue	NULL	NULL	2
chinanteco del sureste medio	chinanteco	oto-mangue	NULL	NULL	1
chocholteco del este	chocholteco	oto-mangue	NULL	NULL	1
chocholteco del oeste	chocholteco	oto-mangue	xwja OAXACA de JUÁREZ: Santa María Ixcatlán: Santa María Ixcatlán.	NULL	1
chocholteco del sur	chocholteco	oto-mangue	NULL	NULL	1
cuicateco del centro	cuicateco	oto-mangue	dbaku (del centro) OAXACA: Concepción Pápalo: Aserradero Pápalo (Tierra Colorada), Barrio Calvario, Barrio Cinco de Mayo, Barrio	NULL	2
cuicateco del norte	cuicateco	oto-mangue	NULL	NULL	2
cuicateco del oriente	cuicateco	oto-mangue	NULL	NULL	2
ixcateco	ixcateco	oto-mangue	xwja OAXACA de JUÁREZ: Santa María Ixcatlán: Santa María Ixcatlán.	NULL	1
matlatzinca	matlatzinca	oto-mangue	bot’una ESTADO DE MÉXICO: Temascaltepec: San Francisco Oxtotilpan.	NULL	1
mazahua de occidente	mazahua	oto-mangue	NULL	NULL	1
mazahua de oriente	mazahua	oto-mangue	jnatrjo ESTADO DE MÉXICO: Almoloya de Juárez: Arroyo Zarco Centro (Dilatada Centro), Barrio del Ocote, Barrio la	NULL	1
mazateco de Acatepec	mazateco	oto-mangue	NULL	NULL	1
mazateco de Eloxochitlán	mazateco	oto-mangue	NULL	NULL	1
mazateco de Huehuetlán	mazateco	oto-mangue	NULL	NULL	1
mazateco de la presa alto	mazateco	oto-mangue	NULL	NULL	1
mazateco de la presa bajo	mazateco	oto-mangue	NULL	NULL	1
mazateco de Ocopetatillo	mazateco	oto-mangue	NULL	NULL	1
mazateco de Puebla	mazateco	oto-mangue	NULL	NULL	1
mazateco de Tecóatl	mazateco	oto-mangue	NULL	NULL	1
mazateco del centro	mazateco	oto-mangue	NULL	NULL	1
mazateco del este bajo	mazateco	oto-mangue	NULL	NULL	0
mazateco del noreste	mazateco	oto-mangue	en naxijen OAXACA: Acatlán de Pérez Figueroa: Acatlán de Pérez Figueroa , Arroyo de Enmedio, Arroyo de Pita, Aserradero	NULL	1
mazateco del norte	mazateco	oto-mangue	NULL	NULL	2
mazateco del oeste	mazateco	oto-mangue	NULL	NULL	1
mazateco del sur	mazateco	oto-mangue	NULL	NULL	1
mazateco del sureste	mazateco	oto-mangue	NULL	NULL	1
mazateco del suroeste	mazateco	oto-mangue	NULL	NULL	1
mixteco alto de Valles	mixteco	oto-mangue	NULL	NULL	1
mixteco bajo de Valles	mixteco	oto-mangue	NULL	NULL	1
mixteco central	mixteco	oto-mangue	NULL	NULL	1
mixteco central de Guerrero	mixteco	oto-mangue	NULL	NULL	2
mixteco de Atlamajalcingo	mixteco	oto-mangue	NULL	NULL	1
mixteco de Ayutla	mixteco	oto-mangue	NULL	NULL	1
mixteco de Cañada bajo	mixteco	oto-mangue	NULL	NULL	1
mixteco de Cañada central	mixteco	oto-mangue	NULL	NULL	1
mixteco de Chochoapa	mixteco	oto-mangue	NULL	NULL	1
mixteco de Coapanatoyac	mixteco	oto-mangue	NULL	NULL	2
mixteco de Coatzóspam	mixteco	oto-mangue	NULL	NULL	1
mixteco de Guerrero central alto	mixteco	oto-mangue	NULL	NULL	1
mixteco de Guerrero del este medio	mixteco	oto-mangue	NULL	NULL	2
mixteco de Guerrero del norte	mixteco	oto-mangue	NULL	NULL	1
mixteco de Igualapa	mixteco	oto-mangue	NULL	NULL	2
mixteco de Ixtayutla	mixteco	oto-mangue	NULL	NULL	1
mixteco de la frontera Puebla- San Pedro y San Pablo Tequixtepec, Santa Catalina Chinango. Santiago Chazumba: Acaquizapam (Santa María Oaxaca	mixteco	oto-mangue	NULL	NULL	1
mixteco de Mitlatongo	mixteco	oto-mangue	NULL	NULL	1
mixteco de Ñumi	mixteco	oto-mangue	NULL	NULL	2
mixteco de Oaxaca de costa central (Charquito Nduayoo), El Guayabo, El Santo, El Zarzal, Emiliano Zapata, Finca la Natividad (Flores Magón), La Pastora, La baja	mixteco	oto-mangue	NULL	NULL	0
mixteco de Oaxaca de la costa Andrés Huaxpaltepec, Santa Zenaida. San Lorenzo: Guadalupe Yosocani, Piedra Blanca, San Antonio Yosocani, San central	mixteco	oto-mangue	NULL	NULL	0
mixteco de Oaxaca de la costa noroeste	mixteco	oto-mangue	NULL	NULL	0
mixteco de Oaxaca de la costa oeste Santiago Pinotepa Nacional: Santa María Jicaltepec. central	mixteco	oto-mangue	NULL	NULL	0
mixteco de oeste central	mixteco	oto-mangue	NULL	NULL	1
mixteco de San Agustín Tlacotepec	mixteco	oto-mangue	NULL	NULL	1
mixteco de San Antonio Huitepec	mixteco	oto-mangue	NULL	NULL	1
mixteco de San Antonio Sinicahua	mixteco	oto-mangue	NULL	NULL	1
mixteco de San Juan Tamazola	mixteco	oto-mangue	NULL	NULL	1
mixteco de San Juan Teita	mixteco	oto-mangue	NULL	NULL	1
mixteco de San Luis Acatlán	mixteco	oto-mangue	NULL	NULL	1
mixteco de San Mateo Peñasco	mixteco	oto-mangue	NULL	NULL	1
mixteco de San Miguel Piedras	mixteco	oto-mangue	NULL	NULL	1
mixteco de San Pablo Tijaltepec	mixteco	oto-mangue	NULL	NULL	1
mixteco de San Pedro Molinos	mixteco	oto-mangue	NULL	NULL	1
mixteco de San Pedro Tidaá	mixteco	oto-mangue	NULL	NULL	1
mixteco de Santa Cruz Itundujia	mixteco	oto-mangue	NULL	NULL	1
mixteco de Santa Inés de Zaragoza	mixteco	oto-mangue	NULL	NULL	1
mixteco de Santa Lucía Monteverde	mixteco	oto-mangue	NULL	NULL	1
mixteco de Santa María Huazolotitlán	mixteco	oto-mangue	NULL	NULL	0
mixteco de Santa María Peñoles	mixteco	oto-mangue	NULL	NULL	1
mixteco de Santa María Yosoyúa	mixteco	oto-mangue	NULL	NULL	1
mixteco de Santiago Amoltepec	mixteco	oto-mangue	NULL	NULL	1
mixteco de Santo Domingo Tonalá	mixteco	oto-mangue	NULL	NULL	1
mixteco de Sierra sur noroeste	mixteco	oto-mangue	NULL	NULL	1
mixteco de Sierra sur oeste	mixteco	oto-mangue	NULL	NULL	1
mixteco de Tlacoachistlahuaca	mixteco	oto-mangue	NULL	NULL	1
mixteco de Tlahuapa	mixteco	oto-mangue	NULL	NULL	1
mixteco de Tlalixtaquilla de Maldonado	mixteco	oto-mangue	NULL	NULL	1
mixteco de Tlaltempan	mixteco	oto-mangue	NULL	NULL	2
mixteco de Villa de Tututepec	mixteco	oto-mangue	NULL	NULL	1
mixteco de Xochapa	mixteco	oto-mangue	NULL	NULL	1
mixteco de Xochistlahuaca	mixteco	oto-mangue	NULL	NULL	1
mixteco de Xonacatlán	mixteco	oto-mangue	NULL	NULL	1
mixteco de Yosondúa	mixteco	oto-mangue	NULL	NULL	1
mixteco de Yosonotú	mixteco	oto-mangue	NULL	NULL	1
mixteco de Yutanduchi de Guerrero	mixteco	oto-mangue	NULL	NULL	1
mixteco de Zapotitlán	mixteco	oto-mangue	NULL	NULL	1
mixteco de Zoyatlán de Juárez	mixteco	oto-mangue	NULL	NULL	1
mixteco del este	mixteco	oto-mangue	NULL	NULL	1
mixteco del este central	mixteco	oto-mangue	NULL	NULL	1
mixteco del noreste	mixteco	oto-mangue	NULL	NULL	1
mixteco del noreste bajo	mixteco	oto-mangue	NULL	NULL	1
mixteco del noroeste	mixteco	oto-mangue	NULL	NULL	1
mixteco del noroeste central alto	mixteco	oto-mangue	NULL	NULL	1
mixteco del noroeste central bajo	mixteco	oto-mangue	NULL	NULL	1
mixteco del noroeste medio	mixteco	oto-mangue	NULL	NULL	2
mixteco del norte bajo	mixteco	oto-mangue	NULL	NULL	1
mixteco del oeste	mixteco	oto-mangue	NULL	NULL	1
mixteco del oeste alto	mixteco	oto-mangue	NULL	NULL	1
mixteco del oeste de la costa	mixteco	oto-mangue	NULL	NULL	1
mixteco del sur bajo	mixteco	oto-mangue	NULL	NULL	1
mixteco del sur medio	mixteco	oto-mangue	NULL	NULL	1
mixteco del sureste central	mixteco	oto-mangue	NULL	NULL	1
mixteco del suroeste	mixteco	oto-mangue	NULL	NULL	1
mixteco del suroeste central	mixteco	oto-mangue	NULL	NULL	1
mixteco del suroeste de Puebla	mixteco	oto-mangue	NULL	NULL	2
otomí bajo del noroeste	otomí	oto-mangue	NULL	NULL	1
otomí de Ixtenco	otomí	oto-mangue	NULL	NULL	1
otomí de la Sierra	otomí	oto-mangue	NULL	NULL	3
otomí de Tilapa o del sur	otomí	oto-mangue	NULL	NULL	1
otomí del centro	otomí	oto-mangue	NULL	NULL	5
otomí del noroeste	otomí	oto-mangue	NULL	NULL	3
otomí del oeste	otomí	oto-mangue	NULL	NULL	3
otomí del Valle del Mezquital	otomí	oto-mangue	NULL	NULL	5
pame del centro	pame	oto-mangue	NULL	NULL	1
pame del norte	pame	oto-mangue	pjiekakjoo ESTADO DE MÉXICO: Ocuilán: Cinco Caminos, Colonia Doctor Gustavo Baz, El Capulín, El Totoc (San José Totoc),	NULL	1
popoloca de oriente	popoloca	oto-mangue	NULL	NULL	3
popoloca del centro	popoloca	oto-mangue	ngiwa (del norte) PUEBLA: Tlacotepec de Benito Juárez: Colonia Cuauhtémoc, El Gavilán, El Mirador, Guadalupe, La Vírgen, Los	NULL	1
popoloca del norte	popoloca	oto-mangue	ngiwa (del norte) PUEBLA: Tlacotepec de Benito Juárez: Colonia Cuauhtémoc, El Gavilán, El Mirador, Guadalupe, La Vírgen, Los	NULL	2
popoloca del poniente	popoloca	oto-mangue	NULL	NULL	1
tlahuica	tlahuica	oto-mangue	bot’una ESTADO DE MÉXICO: Temascaltepec: San Francisco Oxtotilpan.	NULL	1
tlapaneco central bajo	tlapaneco	oto-mangue	NULL	NULL	1
tlapaneco del centro	tlapaneco	oto-mangue	NULL	NULL	1
tlapaneco del este	tlapaneco	oto-mangue	NULL	NULL	1
tlapaneco del noroeste alto	tlapaneco	oto-mangue	NULL	NULL	1
tlapaneco del noroeste bajo	tlapaneco	oto-mangue	NULL	NULL	1
tlapaneco del norte	tlapaneco	oto-mangue	NULL	NULL	1
tlapaneco del oeste	tlapaneco	oto-mangue	me'phaa tsíndíí GUERRERO: Azoyú: Azoyú, El Carrizo, El Macahuite, La Pelota, Lomas del Vidal (El Vidal), Los Pelillos, Maxmadí, San	NULL	1
tlapaneco del sur	tlapaneco	oto-mangue	me'phaa tsíndíí GUERRERO: Azoyú: Azoyú, El Carrizo, El Macahuite, La Pelota, Lomas del Vidal (El Vidal), Los Pelillos, Maxmadí, San	NULL	1
tlapaneco del suroeste	tlapaneco	oto-mangue	NULL	NULL	1
triqui de la alta	triqui	oto-mangue	NULL	NULL	1
triqui de la baja	triqui	oto-mangue	NULL	NULL	1
triqui de la media	triqui	oto-mangue	NULL	NULL	1
triqui de San Juan Copala	triqui	oto-mangue	xnánj nu’ a OAXACA: Santiago Juxtlahuaca: Agua Fría, Agua Fría Copala, Cerro Barrancadero, Cerro Cabeza, Cerro del Pájaro	NULL	1
zapoteco de Asunción Tlacolulita	zapoteco	oto-mangue	NULL	NULL	1
zapoteco de la costa central	zapoteco	oto-mangue	NULL	NULL	2
zapoteco de la costa este	zapoteco	oto-mangue	NULL	NULL	1
zapoteco de la costa noreste	zapoteco	oto-mangue	NULL	NULL	2
zapoteco de la costa oeste	zapoteco	oto-mangue	NULL	NULL	3
zapoteco de la planicie costera	zapoteco	oto-mangue	NULL	NULL	3
zapoteco de la Sierra sur, central	zapoteco	oto-mangue	NULL	NULL	1
zapoteco de la Sierra sur, del este Tierra Blanca. San Miguel Coatlán: Altamira, Alto Florida del Sur, Arroyo Bejuco, Arroyo Checalmate, Arroyo Yoska, bajo	zapoteco	oto-mangue	NULL	NULL	0
zapoteco de la Sierra sur, del norte	zapoteco	oto-mangue	NULL	NULL	2
zapoteco de la Sierra sur, del sureste alto	zapoteco	oto-mangue	NULL	NULL	0
zapoteco de la Sierra sur, del sureste bajo	zapoteco	oto-mangue	NULL	NULL	0
zapoteco de la Sierra sur, Elotepec. noroeste	zapoteco	oto-mangue	NULL	NULL	0
zapoteco de la Sierra sur, noreste Metal, Llano de Chalaa, Piedra Yavichi, San Vicente Lachixío. alto	zapoteco	oto-mangue	NULL	NULL	0
zapoteco de la Sierra sur, oeste Frutal (El Frutal), San Isidro, San Miguel Mixtepec, Tierra Colorada. Santa Cruz Mixtepec: Emiliano Zapata, Río Culebra bajo	zapoteco	oto-mangue	NULL	NULL	0
zapoteco de la Sierra sur, Pedro Mixtepec Distrito 26. San Pedro Mártir Quiéchapa: San Pedro Mártir Quiéchapa. noroeste	zapoteco	oto-mangue	NULL	NULL	0
zapoteco de Mixtepec	zapoteco	oto-mangue	NULL	NULL	1
zapoteco de Petapa	zapoteco	oto-mangue	NULL	NULL	2
zapoteco de Quiavicuzas	zapoteco	oto-mangue	NULL	NULL	2
zapoteco de San Antonino el Alto	zapoteco	oto-mangue	NULL	NULL	0
zapoteco de San Baltazar Chichicapam	zapoteco	oto-mangue	NULL	NULL	1
zapoteco de San Bartolo Yautepec	zapoteco	oto-mangue	NULL	NULL	1
zapoteco de San Felipe Tejalapám. Tejalápam	zapoteco	oto-mangue	NULL	NULL	0
zapoteco de San Miguel Aloápam	zapoteco	oto-mangue	NULL	NULL	1
zapoteco de San Vicente Coatlán	zapoteco	oto-mangue	NULL	NULL	1
zapoteco de Santa María Quiegolani	zapoteco	oto-mangue	NULL	NULL	0
zapoteco de Santa María Temaxcalapa	zapoteco	oto-mangue	NULL	NULL	0
zapoteco de Santiago Laxopa	zapoteco	oto-mangue	NULL	NULL	2
zapoteco de Santiago Yaveo	zapoteco	oto-mangue	NULL	NULL	2
zapoteco de Sierra sur, del noreste Danigaree, Duraznal, El Ciruelo, El Cordoncillo, El Guayabo, El Huajal, El Porvenir, El Romadito, El Tablón II, Hierba alto	zapoteco	oto-mangue	NULL	NULL	0
zapoteco de Texmelucan	zapoteco	oto-mangue	rixhquei OAXACA: San Lorenzo Texmelucan: Benito Juárez, Ciénega del Río, El Arador, El Carrizal, El Ojo de Agua, El Palo de	NULL	1
zapoteco de Valles del sur	zapoteco	oto-mangue	NULL	NULL	1
zapoteco de Valles, de suroeste alto	zapoteco	oto-mangue	NULL	NULL	0
zapoteco de Valles, del centro	zapoteco	oto-mangue	NULL	NULL	1
zapoteco de Valles, del este (Correcaminos), El Pedregal, El Potrero, Guiureyla, La Colorada, Río del Nopal (Barrio del Piru), Santiago Matatlán. medio	zapoteco	oto-mangue	NULL	NULL	0
zapoteco de Valles, del este Blanco, Rancho Colorado (Rancho Colorado Güilá), Rancho San Felipe (San Felipe Güilá), Río Blanco (Rancho de central	zapoteco	oto-mangue	NULL	NULL	0
zapoteco de Valles, del noreste	zapoteco	oto-mangue	NULL	NULL	2
zapoteco de Valles, del noroeste Ángeles Uno, Oaxaca de Juárez, Pueblo Nuevo Parte Alta, Solidaridad, Trinidad de Viguera. San Antonio de la Cal: medio	zapoteco	oto-mangue	NULL	NULL	0
zapoteco de Valles, del noroeste María Coyotepec), El Pipe, La Magueyera, Santa María Coyotepec. Villa de Zaachila: Colonia Guadalupana, Emiliano bajo	zapoteco	oto-mangue	NULL	NULL	0
zapoteco de Valles, del norte Guajal, El Huizache, El Pocito, El Vergel, La Tunalera, San Francisco Lachigoló. San Jerónimo Tlacochahuaya: Arroyo central	zapoteco	oto-mangue	NULL	NULL	0
zapoteco de Valles, del oeste central	zapoteco	oto-mangue	NULL	NULL	0
zapoteco de Valles, del suroeste Chilateca, San Pedro Guegorexe, Santa Cruz, Santa María la Chilaita, Santa Rosa (Santa Rosa de Lima). San Antonino central	zapoteco	oto-mangue	NULL	NULL	0
zapoteco de Valles, del suroeste medio	zapoteco	oto-mangue	NULL	NULL	0
zapoteco de Valles, noroeste	zapoteco	oto-mangue	NULL	NULL	1
zapoteco de Valles, norte	zapoteco	oto-mangue	NULL	NULL	1
zapoteco de Valles, oeste	zapoteco	oto-mangue	NULL	NULL	2
zapoteco de Zimatlán de Álvarez	zapoteco	oto-mangue	NULL	NULL	1
zapoteco del oeste de Tuxtepec	zapoteco	oto-mangue	NULL	NULL	3
zapoteco serrano, bajo	zapoteco	oto-mangue	NULL	NULL	1
zapoteco serrano, del este	zapoteco	oto-mangue	NULL	NULL	1
zapoteco serrano, del noroeste	zapoteco	oto-mangue	NULL	NULL	1
zapoteco serrano, del oeste	zapoteco	oto-mangue	NULL	NULL	2
zapoteco serrano, del oeste medio	zapoteco	oto-mangue	NULL	NULL	1
zapoteco serrano, del sureste	zapoteco	oto-mangue	NULL	NULL	5
zapoteco serrano, del sureste alto	zapoteco	oto-mangue	NULL	NULL	2
zapoteco serrano, del sureste bajo	zapoteco	oto-mangue	NULL	NULL	2
seri	seri	seri	cmiique iitom SONORA: Hermosillo: Punta Chueca. Pitiquito: El Desemboque de los Seris (El Desemboque).	NULL	1
purépecha	tarasco	tarasca	p’urhepecha MICHOACÁN DE OCAMPO: Coeneo: Bellas Fuentes, Coeneo de la Libertad, Colonia Emiliano Zapata, Colonia Félix	NULL	2
tepehua del norte	tepehua	totonaco-tepehua	NULL	NULL	1
tepehua del oeste	tepehua	totonaco-tepehua	NULL	NULL	2
tepehua del sur	tepehua	totonaco-tepehua	lhiimaqalhqama’ HIDALGO: Huehuetla: Barrio Aztlán, Cerro de la Luna, Cerro del Caballo, Dos Caminos, El Ocotal, El Palote, El	NULL	2
totonaco central alto	totonaco	totonaco-tepehua	NULL	NULL	1
totonaco central del norte	totonaco	totonaco-tepehua	NULL	NULL	3
totonaco central del sur	totonaco	totonaco-tepehua	NULL	NULL	3
totonaco de la costa	totonaco	totonaco-tepehua	NULL	NULL	1
totonaco del cerro Xinolatépetl	totonaco	totonaco-tepehua	NULL	NULL	1
totonaco del río Necaxa	totonaco	totonaco-tepehua	NULL	NULL	1
totonaco del sureste	totonaco	totonaco-tepehua	laakanaachiwíin VERACRUZ DE IGNACIO DE LA LLAVE: Chiconquiaco: Cruz Verde, Chiconquiaco, El Barreal, El Capulín, El	NULL	1
cora corapeño	cora	yuto-nahua	NULL	NULL	1
cora de Dolores	cora	yuto-nahua	NULL	NULL	1
cora de Jesús María	cora	yuto-nahua	NULL	NULL	1
cora de Rosarito	cora	yuto-nahua	NULL	NULL	1
cora francisqueño	cora	yuto-nahua	NULL	NULL	1
cora meseño	cora	yuto-nahua	NULL	NULL	1
cora presideño	cora	yuto-nahua	NULL	NULL	1
cora tereseño	cora	yuto-nahua	NULL	NULL	1
guarijío del norte	guarijío	yuto-nahua	warihó CHIHUAHUA: Chínipas: Agua Caliente, Arroyo de la Yerba, Benjamín M. Chaparro (Santa Ana), Chínipas de Almada,	NULL	1
guarijío del sur	guarijío	yuto-nahua	NULL	NULL	1
huichol del este	huichol	yuto-nahua	NULL	NULL	1
huichol del norte	huichol	yuto-nahua	NULL	NULL	1
huichol del oeste	huichol	yuto-nahua	NULL	NULL	1
huichol del sur	huichol	yuto-nahua	NULL	NULL	1
mayo	mayo	yuto-nahua	yorem-nokki SONORA: Álamos: Álamos, Anáhuac, Basiroa, California (Sector Cuatro), Cochibampo, Chorijoa, El Cajón del Sabino	NULL	1
mexicano alto de occidente	náhuatl	yuto-nahua	NULL	NULL	1
mexicano bajo de occidente	náhuatl	yuto-nahua	NULL	NULL	1
mexicano central bajo	náhuatl	yuto-nahua	NULL	NULL	1
mexicano central de occidente	náhuatl	yuto-nahua	NULL	NULL	1
mexicano de Guerrero	náhuatl	yuto-nahua	NULL	NULL	1
mexicano de la Huasteca Reforma, Los Naranjos, Oxpantla, Pahactla, Palo Gordo, Plan Huasteca, Pochoica, Poxtla Atlajco, Rancho las Flores, Hidalguense	náhuatl	yuto-nahua	NULL	NULL	1
mexicano de occidente	náhuatl	yuto-nahua	NULL	NULL	1
mexicano de Puente de Ixtla	náhuatl	yuto-nahua	NULL	NULL	1
mexicano de Temixco	náhuatl	yuto-nahua	NULL	NULL	1
mexicano de Tetela del Volcán	náhuatl	yuto-nahua	NULL	NULL	1
mexicano del centro	náhuatl	yuto-nahua	NULL	NULL	1
mexicano del centro alto	náhuatl	yuto-nahua	NULL	NULL	1
mexicano del centro bajo	náhuatl	yuto-nahua	NULL	NULL	1
mexicano del noroeste	náhuatl	yuto-nahua	NULL	NULL	1
mexicano del oriente	náhuatl	yuto-nahua	NULL	NULL	1
mexicano del oriente central	náhuatl	yuto-nahua	NULL	NULL	1
mexicano del oriente de Puebla	náhuatl	yuto-nahua	NULL	NULL	1
náhuatl alto del norte de Puebla	náhuatl	yuto-nahua	NULL	NULL	2
náhuatl central de Veracruz	náhuatl	yuto-nahua	NULL	NULL	2
náhuatl de la Huasteca [Tolico], Tzicatipa, Xiloxochico, Xochioloco, Yupiltitla. Castillo de Teayo: Américas Chicas, Casa Quemada, Casperal, veracruzana	náhuatl	yuto-nahua	NULL	NULL	0
náhuatl de la Huasteca potosina	náhuatl	yuto-nahua	NULL	NULL	3
náhuatl de la Sierra negra, norte	náhuatl	yuto-nahua	NULL	NULL	3
náhuatl de la Sierra negra, sur	náhuatl	yuto-nahua	NULL	NULL	2
náhuatl de la Sierra oeste de Coaltepec, San Marcos Eloxochitlán, Tecomatepec Tres Cruces, Tepantzingo, Tinixcatl, Tlacomulco, Tlacotepec (San Puebla	náhuatl	yuto-nahua	NULL	NULL	1
náhuatl de la Sierra, noreste de Lagunilla, La Manigua, La Quebradora, La Unión, Las Ceibas, Las Cibeles, Las Cruces, Los Aguacates, Los Mangos, Puebla	náhuatl	yuto-nahua	mexicano tlajtol PUEBLA: Atempan: Apatauyan, Atempan, Atzalán, Cala Norte, Cala Sur, El Cuatro, Huexoteno, Las Canoas, Las	NULL	0
náhuatl de Oaxaca	náhuatl	yuto-nahua	NULL	NULL	1
náhuatl del centro de Puebla	náhuatl	yuto-nahua	NULL	NULL	1
náhuatl del Istmo	náhuatl	yuto-nahua	NULL	NULL	1
náhuatl del Istmo bajo	náhuatl	yuto-nahua	NULL	NULL	2
náhuatl del noreste central	náhuatl	yuto-nahua	NULL	NULL	3
pápago	pápago	yuto-nahua	NULL	NULL	2
pima del este	pima	yuto-nahua	NULL	NULL	1
pima del norte	pima	yuto-nahua	oob no’ok (del norte) CHIHUAHUA: Madera: Agua Amarilla, Ciudad Madera, Ejido el Lago, El Cable, El Campo Seis, El Cordón, El Cuatro, El	NULL	1
pima del sur	pima	yuto-nahua	NULL	NULL	1
tarahumara de Cumbres	tarahumara	yuto-nahua	NULL	NULL	1
tarahumara del centro	tarahumara	yuto-nahua	NULL	NULL	1
tarahumara del norte	tarahumara	yuto-nahua	NULL	NULL	1
tarahumara del oeste	tarahumara	yuto-nahua	NULL	NULL	1
tarahumara del sur	tarahumara	yuto-nahua	NULL	NULL	1
tepehuano del norte	tepehuano del norte	yuto-nahua	odami CHIHUAHUA: Guadalupe y Calvo: Agua Amarilla, Agua Zarca, Algarrobos, Alisos de Arriba (El Rincón de Alisos),	NULL	1
tepehuano del sur alto	tepehuano del sur	yuto-nahua	NULL	NULL	1
tepehuano del sur bajo	tepehuano del sur	yuto-nahua	NULL	NULL	1
tepehuano del sur central	tepehuano del sur	yuto-nahua	NULL	NULL	1
yaqui	yaqui	yuto-nahua	hiak-nooki SONORA: Bácum: Abelardo Rodríguez, Agua Caliente, Algodones, Armida, Bacatete, Bácum, Bataconcica (Museo	NULL	1
